text,index,prompt,negative
黑白相间的猫咪站在路中间，自称是“斑马线的守护者”，橘色猫则耸耸肩，说它是过马路的“导盲犬”,0,黑白相间的猫咪站在路中间，自称是“斑马线的守护者”，橘色猫则耸耸肩，说它是过马路的“导盲犬”,
小黑白得意地宣布它将开一家“猫咖啡馆”，地点选在橘猫的“领土”上，橘猫反击说它就喜欢在竞争中找乐子,1,小黑白得意地宣布它将开一家“猫咖啡馆”，地点选在橘猫的“领土”上，橘猫反击说它就喜欢在竞争中找乐子,
橘色小猫自称是“领地规划师”，指挥着一群小鸽子重新划分空中的领空,2,橘色小猫自称是“领地规划师”，指挥着一群小鸽子重新划分空中的领空,
小黑白提出要进行一场“喵式辩论”，声称自己会用最锋利的逻辑“挠败”对方,3,小黑白提出要进行一场“喵式辩论”，声称自己会用最锋利的逻辑“挠败”对方,
橘色小猫摆出一副学者样，但却拿着一本倒过来的地图，自信地说这是最新版的“猫界地理”,4,橘色小猫摆出一副学者样，但却拿着一本倒过来的地图，自信地说这是最新版的“猫界地理”,
两只猫为了争一个晒太阳的好位置，竟然决定用“摇尾巴比赛”来决胜负,5,两只猫为了争一个晒太阳的好位置，竟然决定用“摇尾巴比赛”来决胜负,
小黑白举起爪子，庄严宣布自己愿意分享领地，但只限于“美食区”,6,小黑白举起爪子，庄严宣布自己愿意分享领地，但只限于“美食区”,
橘色小猫声称自己的祖先是“猫派大将军”，领地自然是“遗产”,7,橘色小猫声称自己的祖先是“猫派大将军”，领地自然是“遗产”,
辩论结束时，两只猫决定合开一家“喵星人快乐俱乐部”，共同管理这块“争议领地”,8,辩论结束时，两只猫决定合开一家“喵星人快乐俱乐部”，共同管理这块“争议领地”,
最后，两只猫咪并肩而行，一边走一边计划如何把这场辩论写成一个“爆笑的剧本”,9,最后，两只猫咪并肩而行，一边走一边计划如何把这场辩论写成一个“爆笑的剧本”,
